3860,2681,2.030393312390881,74.3822683696419,2.2780022529263544,90.9176459145225,2.352284935086996,128.0818495170228,2.5875134285956958,440.49006972775095
8581,5027,2.030393312390881,66.37042012924782,2.166578229685391,73.1434615828919,2.2656218058995803,75.72879748567453,2.2780022529263544,90.9176459145225,2.339904488060222,102.75363684444922,2.352284935086996,128.0818495170228,2.5875134285956958,440.49006972775095
13456,7459,2.030393312390881,74.3822683696419,2.2656218058995803,75.72879748567453,2.339904488060222,80.88600400007947,2.352284935086996,128.0818495170228
23682,11633,2.030393312390881,74.3822683696419,2.2656218058995803,75.72879748567453,2.2780022529263544,90.9176459145225,2.339904488060222,102.75363684444922,2.352284935086996,128.0818495170228,2.5875134285956958,440.49006972775095
28261,14281,2.030393312390881,74.3822683696419,2.2656218058995803,75.72879748567453,2.2780022529263544,90.9176459145225,2.339904488060222,102.75363684444922,2.352284935086996,128.0818495170228,2.5875134285956958,440.49006972775095
35565,17594,2.030393312390881,74.3822683696419,2.2780022529263544,90.9176459145225,2.339904488060222,102.75363684444922,2.352284935086996,128.0818495170228
45899,23082,2.030393312390881,74.3822683696419,2.2780022529263544,90.9176459145225,2.339904488060222,102.75363684444922,2.5875134285956958,440.49006972775095
60433,31221,2.030393312390881,74.3822683696419,2.2780022529263544,90.9176459145225,2.339904488060222,102.75363684444922,2.5875134285956958,440.49006972775095
71827,36807,2.166578229685391,73.1434615828919,2.2656218058995803,75.72879748567453,2.2780022529263544,90.9176459145225,2.339904488060222,102.75363684444922,2.352284935086996,128.0818495170228,2.5875134285956958,440.49006972775095
82352,42428,1.7776306815859424,61.62797568411714,1.896862007789878,67.91705496370953,1.994414911047643,84.42119939524426,2.059450179886153,118.92986502481685,2.2653951978747684,409.0152096884812
96219,49006,1.7884698930590275,60.14010205733484,1.896862007789878,67.91705496370953,1.983575699574558,70.3176577901146,1.994414911047643,84.42119939524426,2.048610968413068,95.41145920987987,2.059450179886153,118.92986502481685,2.2653951978747684,409.0152096884812
110582,55515,1.7776306815859424,69.06734381802863,1.983575699574558,70.3176577901146,1.994414911047643,84.42119939524426,2.048610968413068,95.41145920987987,2.059450179886153,118.92986502481685,2.2653951978747684,409.0152096884812
123923,61658,1.7776306815859424,69.06734381802863,1.983575699574558,70.3176577901146,1.994414911047643,84.42119939524426,2.048610968413068,95.41145920987987,2.059450179886153,118.92986502481685
139320,68257,1.7776306815859424,69.06734381802863,1.983575699574558,70.3176577901146,1.994414911047643,84.42119939524426,2.048610968413068,95.41145920987987,2.2653951978747684,409.0152096884812
155550,75711,1.7776306815859424,69.06734381802863,1.983575699574558,70.3176577901146,1.994414911047643,84.42119939524426,2.048610968413068,95.41145920987987,2.059450179886153,118.92986502481685,2.2653951978747684,409.0152096884812
165984,81009,1.7776306815859424,69.06734381802863,1.983575699574558,70.3176577901146,1.994414911047643,84.42119939524426,2.048610968413068,95.41145920987987,2.059450179886153,118.92986502481685,2.2653951978747684,409.0152096884812
181474,87687,1.7776306815859424,69.06734381802863,1.983575699574558,70.3176577901146,1.994414911047643,84.42119939524426,2.048610968413068,95.41145920987987,2.059450179886153,118.92986502481685,2.2653951978747684,409.0152096884812
196875,94127,1.7776306815859424,69.06734381802863,1.983575699574558,70.3176577901146,1.994414911047643,84.42119939524426,2.059450179886153,118.92986502481685,2.2653951978747684,409.0152096884812
213665,101601,1.7884698930590275,60.14010205733484,1.9402188536822176,64.41617584186884,1.983575699574558,70.3176577901146,2.048610968413068,95.41145920987987,2.059450179886153,118.92986502481685
225883,107094,1.7776306815859424,69.06734381802863,1.983575699574558,70.3176577901146,1.994414911047643,84.42119939524426,2.048610968413068,95.41145920987987,2.059450179886153,118.92986502481685,2.2653951978747684,409.0152096884812
241653,114535,1.5741761646051473,28.90356729037894,1.5997033456527985,29.537328737847012,1.6167214663512328,33.05672741421226,1.8719932768277432,38.91564973176283,1.923047638923045,42.650796985989544,1.931556699272262,43.37894843627201,1.957083880319913,48.11193286310803,1.9826110613675643,62.20301185468536
253889,119657,1.39548589727159,33.2320231337247,1.4890855611129776,36.6233210919847,1.5571580439067134,37.91781255915353,1.6082124060020155,51.449293676902656,1.6167214663512328,64.13126476932226
267916,125818,1.39548589727159,33.2320231337247,1.4890855611129776,36.6233210919847,1.5571580439067134,37.91781255915353,1.5656671042559305,45.52294992877038,1.6082124060020155,51.449293676902656,1.6167214663512328,64.13126476932226,1.7783936129863558,220.55572586194688
280343,130713,1.39548589727159,37.24359825333643,1.5571580439067134,37.91781255915353,1.5656671042559305,45.52294992877038,1.6082124060020155,51.449293676902656,1.7783936129863558,220.55572586194688
292580,136233,1.39548589727159,37.24359825333643,1.5571580439067134,37.91781255915353,1.5656671042559305,45.52294992877038,1.6167214663512328,64.13126476932226,1.7783936129863558,220.55572586194688
308420,142708,1.39548589727159,37.24359825333643,1.5571580439067134,37.91781255915353,1.5656671042559305,45.52294992877038,1.6082124060020155,51.449293676902656,1.6167214663512328,64.13126476932226,1.7783936129863558,220.55572586194688
322167,148069,1.39548589727159,33.2320231337247,1.4890855611129776,36.6233210919847,1.5571580439067134,37.91781255915353,1.5656671042559305,45.52294992877038,1.6082124060020155,51.449293676902656,1.6167214663512328,64.13126476932226,1.7783936129863558,220.55572586194688
335892,154052,1.39548589727159,37.24359825333643,1.5571580439067134,37.91781255915353,1.5656671042559305,45.52294992877038,1.6082124060020155,51.449293676902656,1.6167214663512328,64.13126476932226,1.7783936129863558,220.55572586194688
350240,160467,1.39548589727159,37.24359825333643,1.5571580439067134,37.91781255915353,1.5656671042559305,45.52294992877038,1.6082124060020155,51.449293676902656,1.6167214663512328,64.13126476932226
364486,166976,1.39548589727159,33.2320231337247,1.4890855611129776,36.6233210919847,1.6082124060020155,51.449293676902656,1.6167214663512328,64.13126476932226,1.7783936129863558,220.55572586194688
381812,175101,1.39548589727159,37.24359825333643,1.5656671042559305,45.52294992877038,1.7783936129863558,220.55572586194688
396754,182528,1.39548589727159,37.24359825333643,1.6082124060020155,51.449293676902656,1.6167214663512328,64.13126476932226,1.7783936129863558,220.55572586194688
413519,190979,1.9392259471916926,51.160895904991015,2.069295980235038,56.381819143013026,2.175716916361411,70.08285030442268,2.234839658653841,79.20649150963409,2.246664207112327,98.73046091464283,2.4713306278235594,339.5468427145407
428869,197999,1.9392259471916926,57.33673949668703,2.1638923679029256,58.37469640285443,2.175716916361411,70.08285030442268,2.234839658653841,79.20649150963409,2.246664207112327,98.73046091464283
446968,206525,1.9392259471916926,57.33673949668703,2.175716916361411,70.08285030442268,2.234839658653841,79.20649150963409,2.246664207112327,98.73046091464283,2.4713306278235594,339.5468427145407
460997,213509,1.9392259471916926,57.33673949668703,2.1638923679029256,58.37469640285443,2.175716916361411,70.08285030442268,2.234839658653841,79.20649150963409,2.4713306278235594,339.5468427145407
475473,220334,1.9392259471916926,57.33673949668703,2.175716916361411,70.08285030442268,2.234839658653841,79.20649150963409,2.246664207112327,98.73046091464283,2.4713306278235594,339.5468427145407
487556,226076,1.9392259471916926,57.33673949668703,2.175716916361411,70.08285030442268,2.234839658653841,79.20649150963409,2.246664207112327,98.73046091464283,2.4713306278235594,339.5468427145407
497868,230557,1.9392259471916926,57.33673949668703,2.175716916361411,70.08285030442268,2.234839658653841,79.20649150963409,2.246664207112327,98.73046091464283,2.4713306278235594,339.5468427145407
510192,236321,1.9392259471916926,57.33673949668703,2.1638923679029256,58.37469640285443,2.175716916361411,70.08285030442268,2.234839658653841,79.20649150963409,2.246664207112327,98.73046091464283,2.4713306278235594,339.5468427145407
522155,241983,1.9392259471916926,57.33673949668703,2.1638923679029256,58.37469640285443,2.175716916361411,70.08285030442268,2.246664207112327,98.73046091464283,2.4713306278235594,339.5468427145407
531996,246118,1.9510504956501784,49.92572718665181,2.069295980235038,56.381819143013026,2.1638923679029256,58.37469640285443,2.175716916361411,70.08285030442268,2.234839658653841,79.20649150963409,2.246664207112327,98.73046091464283,2.4713306278235594,339.5468427145407
549401,253642,1.9510504956501784,49.92572718665181,2.069295980235038,56.381819143013026,2.1638923679029256,58.37469640285443,2.175716916361411,70.08285030442268,2.234839658653841,79.20649150963409,2.246664207112327,98.73046091464283,2.4713306278235594,339.5468427145407
559718,258995,1.8011037860484733,37.21250060640372,1.9117861416156978,37.774925563809,2.1130267881015605,40.371325709638825,2.2237091436687852,61.8667453145801,2.344453531560303,71.08126927426103
570947,264408,1.650173301184076,42.55938992748948,1.8413519153456457,43.329835074619986,1.851413947669939,52.02045633425216,1.9017241092914046,58.79266917752936,1.9117861416156976,73.2847423950543
580572,269313,1.650173301184076,42.55938992748948,1.851413947669939,52.02045633425216,1.9017241092914046,58.79266917752936,1.9117861416156976,73.2847423950543
592498,275148,1.650173301184076,42.55938992748948,1.8413519153456457,43.329835074619986,1.851413947669939,52.02045633425216,1.9017241092914046,58.79266917752936,1.9117861416156976,73.2847423950543,2.1029647557772675,252.03572098080434
604561,280966,1.7608556567513005,41.85058039212941,1.8413519153456457,43.329835074619986,1.851413947669939,52.02045633425216,1.9017241092914046,58.79266917752936,1.9117861416156976,73.2847423950543,2.1029647557772675,252.03572098080434
618843,287276,1.650173301184076,42.55938992748948,1.8413519153456457,43.329835074619986,1.851413947669939,52.02045633425216,1.9017241092914046,58.79266917752936,1.9117861416156976,73.2847423950543
634429,294460,1.650173301184076,37.97524130206293,1.8011037860484733,39.69333398016397,1.8413519153456457,43.329835074619986,1.851413947669939,52.02045633425216,1.9017241092914046,58.79266917752936,1.9117861416156976,73.2847423950543,2.1029647557772675,252.03572098080434
649565,301379,1.650173301184076,42.55938992748948,1.9017241092914046,58.79266917752936,1.9117861416156976,73.2847423950543,2.1029647557772675,252.03572098080434
665163,308379,1.650173301184076,42.55938992748948,1.851413947669939,52.02045633425216,1.9017241092914046,58.79266917752936,1.9117861416156976,73.2847423950543,2.1029647557772675,252.03572098080434
679475,314603,1.650173301184076,42.55938992748948,1.8413519153456457,43.329835074619986,1.851413947669939,52.02045633425216,1.9017241092914046,58.79266917752936,2.1029647557772675,252.03572098080434
701769,323914,1.650173301184076,42.55938992748948,1.8413519153456457,43.329835074619986,1.851413947669939,52.02045633425216,2.1029647557772675,252.03572098080434
715835,330574,1.8360541588689323,75.00745938550014,2.048767750445211,76.36530622448458,2.059963202633436,91.681818568229,2.115940463574562,103.61729228290218,2.1271359157627874,129.15839132419939
726086,335405,1.8360541588689323,75.00745938550014,2.048767750445211,76.36530622448458,2.059963202633436,91.681818568229,2.115940463574562,103.61729228290218,2.1271359157627874,129.15839132419939,2.339849507339066,444.19243643697797
743065,343040,1.8360541588689323,66.92827069354276,1.9592041329394094,73.75824029363447,2.059963202633436,91.681818568229,2.339849507339066,444.19243643697797
753387,347980,1.8360541588689323,75.00745938550014,2.059963202633436,91.681818568229,2.115940463574562,103.61729228290218,2.339849507339066,444.19243643697797
762670,351764,1.8360541588689323,66.92827069354276,1.9592041329394094,73.75824029363447,2.059963202633436,91.681818568229,2.115940463574562,103.61729228290218,2.1271359157627874,129.15839132419939,2.339849507339066,444.19243643697797
783450,361197,1.8360541588689323,75.00745938550014,2.048767750445211,76.36530622448458,2.059963202633436,91.681818568229,2.115940463574562,103.61729228290218
796856,367278,1.8360541588689323,75.00745938550014,2.048767750445211,76.36530622448458,2.059963202633436,91.681818568229,2.115940463574562,103.61729228290218,2.339849507339066,444.19243643697797
806355,371399,1.8360541588689323,75.00745938550014,2.048767750445211,76.36530622448458,2.059963202633436,91.681818568229,2.1271359157627874,129.15839132419939,2.339849507339066,444.19243643697797
822621,378286,1.8360541588689323,75.00745938550014,2.048767750445211,76.36530622448458,2.059963202633436,91.681818568229,2.1271359157627874,129.15839132419939,2.339849507339066,444.19243643697797
832673,383001,1.7458463007191178,73.16057578762172,2.1448968837406306,97.7539504908981,2.2047544711938576,108.15158755055273,2.324469646100311,124.25984392794516
842750,387415,1.6361073903882017,74.39967243203654,1.8356326818989583,90.9389189466167,1.8855140047766472,102.7776792774929,2.2047544711938576,108.15158755055273,2.324469646100311,124.25984392794516
853663,391769,1.6460836549637397,64.78320499603471,1.785751359021269,69.38941208722886,1.8256564173234207,75.74651661074827,1.8855140047766474,80.90492981521423,1.8954902693521851,128.1118182790607,2.0850392962874036,440.5931361819716
857996,393991,1.6361073903882017,74.39967243203654,1.8256564173234207,75.74651661074827,1.8356326818989583,90.9389189466167,1.8855140047766472,102.7776792774929,1.8954902693521851,128.1118182790607,2.0850392962874036,440.5931361819716
865257,396872,1.6361073903882017,74.39967243203654,1.8256564173234207,75.74651661074827,1.8356326818989583,90.9389189466167,1.8855140047766472,102.7776792774929,2.0850392962874036,440.5931361819716
873941,400749,1.6361073903882017,66.38594956870168,1.7458463007191178,73.16057578762172,1.8256564173234207,75.74651661074827,1.8356326818989583,90.9389189466167,1.8855140047766472,102.7776792774929,1.8954902693521851,128.1118182790607,2.0850392962874036,440.5931361819716
885971,406335,1.6361073903882017,74.39967243203654,1.8256564173234207,75.74651661074827,1.8356326818989583,90.9389189466167,1.8855140047766472,102.7776792774929,1.8954902693521851,128.1118182790607,2.0850392962874036,440.5931361819716
899157,412056,1.6361073903882017,74.39967243203654,1.8256564173234207,75.74651661074827,1.8356326818989583,90.9389189466167,1.8855140047766472,102.7776792774929,1.8954902693521851,128.1118182790607,2.0850392962874036,440.5931361819716
912509,418225,1.6361073903882017,74.39967243203654,1.8256564173234207,75.74651661074827,1.8356326818989583,90.9389189466167,1.8855140047766472,102.7776792774929,2.0850392962874036,440.5931361819716
927805,425213,1.6361073903882017,66.38594956870168,1.785751359021269,69.38941208722886,1.8256564173234207,75.74651661074827,1.8356326818989583,90.9389189466167,1.8855140047766472,102.7776792774929,1.8954902693521851,128.1118182790607
941299,431376,1.6361073903882017,74.39967243203654,1.8256564173234207,75.74651661074827,1.8356326818989583,90.9389189466167,1.8855140047766472,102.7776792774929,2.0850392962874036,440.5931361819716
954938,437514,1.6361073903882017,74.39967243203654,1.8256564173234207,75.74651661074827,1.8356326818989583,90.9389189466167,1.8855140047766472,102.7776792774929,1.8954902693521851,128.1118182790607,2.0850392962874036,440.5931361819716
967818,444224,1.778337508815289,37.83611620134258,1.8861155396525795,42.728853057316606,1.9831157674061408,53.112153137518725,2.037004782824786,60.02648705456241,2.047782585908515,74.82268966885043,2.2525608444993663,257.3249208512515
980251,450787,1.7675597057315602,38.77218643584564,1.8861155396525795,42.728853057316606,1.9723379643224117,44.239151250800546,1.9831157674061408,53.112153137518725,2.037004782824786,60.02648705456241,2.047782585908515,74.82268966885043
989881,455930,1.778337508815289,37.83611620134258,1.8861155396525795,42.728853057316606,2.037004782824786,60.02648705456241,2.047782585908515,74.82268966885043,2.2525608444993663,257.3249208512515
1000236,461189,1.7675597057315602,43.452537608361,1.9723379643224117,44.239151250800546,2.037004782824786,60.02648705456241,2.047782585908515,74.82268966885043
1015001,468871,1.7675597057315602,43.452537608361,1.9831157674061408,53.112153137518725,2.047782585908515,74.82268966885043,2.2525608444993663,257.3249208512515
1026456,474325,1.7675597057315602,43.452537608361,1.9723379643224117,44.239151250800546,1.9831157674061408,53.112153137518725,2.037004782824786,60.02648705456241,2.047782585908515,74.82268966885043,2.2525608444993663,257.3249208512515
1035733,478682,1.7675597057315602,43.452537608361,1.9723379643224117,44.239151250800546,1.9831157674061408,53.112153137518725,2.037004782824786,60.02648705456241,2.047782585908515,74.82268966885043,2.2525608444993663,257.3249208512515
1048552,485628,1.7675597057315602,43.452537608361,1.9723379643224117,44.239151250800546,1.9831157674061408,53.112153137518725,2.037004782824786,60.02648705456241,2.047782585908515,74.82268966885043,2.2525608444993663,257.3249208512515
1061448,493213,1.7675597057315602,43.452537608361,1.9831157674061408,53.112153137518725,2.037004782824786,60.02648705456241,2.047782585908515,74.82268966885043,2.2525608444993663,257.3249208512515
1075699,500935,1.7675597057315602,43.452537608361,1.9723379643224117,44.239151250800546,1.9831157674061408,53.112153137518725,2.037004782824786,60.02648705456241,2.047782585908515,74.82268966885043,2.2525608444993663,257.3249208512515
1091616,508763,1.7675597057315602,38.77218643584564,1.8861155396525795,42.728853057316606,1.9723379643224117,44.239151250800546,1.9831157674061408,53.112153137518725,2.037004782824786,60.02648705456241,2.047782585908515,74.82268966885043
1103079,514265,1.3681340049426627,49.44860153661076,1.3826886220165209,55.34044586487161,1.4845709415335278,58.10577509940018,1.5209574842181728,369.2335316291138
1115847,519838,1.1934786000563653,62.349708945044014,1.3317474622580177,63.47841475505568,1.3390247707949468,76.2102162919872,1.3754113134795918,86.13154036198965,1.3826886220165209,107.36249664830896,1.5209574842181728,369.2335316291138
1130429,526851,1.1934786000563653,62.349708945044014,1.3317474622580177,63.47841475505568,1.3390247707949468,76.2102162919872,1.3754113134795918,86.13154036198965,1.5209574842181728,369.2335316291138
1142486,532428,1.1934786000563653,62.349708945044014,1.3390247707949468,76.2102162919872,1.3754113134795918,86.13154036198965,1.3826886220165209,107.36249664830896
1154340,537494,1.1934786000563653,62.349708945044014,1.3317474622580177,63.47841475505568,1.3754113134795918,86.13154036198965,1.3826886220165209,107.36249664830896,1.5209574842181728,369.2335316291138
1164320,541916,1.1934786000563653,62.349708945044014,1.3317474622580177,63.47841475505568,1.3754113134795918,86.13154036198965,1.5209574842181728,369.2335316291138
1179782,548558,1.1934786000563653,62.349708945044014,1.3317474622580177,63.47841475505568,1.3390247707949468,76.2102162919872,1.3754113134795918,86.13154036198965,1.3826886220165209,107.36249664830896,1.5209574842181728,369.2335316291138
1190771,553547,1.1934786000563653,62.349708945044014,1.3317474622580177,63.47841475505568,1.3390247707949468,76.2102162919872,1.3754113134795918,86.13154036198965,1.3826886220165209,107.36249664830896,1.5209574842181728,369.2335316291138
1206052,560485,1.1934786000563653,62.349708945044014,1.3317474622580177,63.47841475505568,1.3390247707949468,76.2102162919872,1.3754113134795918,86.13154036198965,1.5209574842181728,369.2335316291138
1219680,566897,1.1934786000563653,55.633909375474644,1.3026382281103013,58.15092333180064,1.3317474622580177,63.47841475505568,1.3390247707949468,76.2102162919872,1.3754113134795918,86.13154036198965,1.6082851866613217,90.63507654393618,1.6956128891044704,104.1343980316756
1232268,572776,1.1934786000563653,62.349708945044014,1.3317474622580177,63.47841475505568,1.3754113134795918,86.13154036198965,1.3826886220165209,107.36249664830896,1.5209574842181728,369.2335316291138
1247439,579927,1.1934786000563653,62.349708945044014,1.3317474622580177,63.47841475505568,1.3390247707949468,76.2102162919872,1.3754113134795918,86.13154036198965,1.3826886220165209,107.36249664830896,1.5209574842181728,369.2335316291138
1258812,585412,2.451463115000038,27.11545584085504,2.659466045969738,29.043415486919994,2.718895454818224,31.704225290845894,2.808039568090952,33.863314602082376,2.8080395680909525,43.01830426643759,3.2834748388788384,45.267590520180036
1272302,590804,2.4366057627879165,31.140494400183627,2.718895454818224,31.704225290845894,2.733752807030345,38.063109737516264,2.8080395680909525,43.01830426643759,2.822896920303074,53.62208231979483
1285336,596755,2.4366057627879165,31.140494400183627,2.718895454818224,31.704225290845894,2.733752807030345,38.063109737516264,2.8080395680909525,43.01830426643759,2.822896920303074,53.62208231979483
1294929,600885,2.4366057627879165,31.140494400183627,2.718895454818224,31.704225290845894,2.733752807030345,38.063109737516264,2.8080395680909525,43.01830426643759,2.822896920303074,53.62208231979483
1308446,606626,2.4366057627879165,31.140494400183627,2.733752807030345,38.063109737516264,2.8080395680909525,43.01830426643759,2.822896920303074,53.62208231979483
1319132,611352,2.4366057627879165,31.140494400183627,2.718895454818224,31.704225290845894,2.808039568090952,33.863314602082376,2.8080395680909525,43.01830426643759,2.822896920303074,53.62208231979483,3.1051866123333816,184.41328626234738
1334131,617967,2.4366057627879165,31.140494400183627,2.718895454818224,31.704225290845894,2.733752807030345,38.063109737516264,2.822896920303074,53.62208231979483,3.1051866123333816,184.41328626234738
1341738,621970,2.4366057627879165,31.140494400183627,2.718895454818224,31.704225290845894,2.808039568090952,33.863314602082376,2.8080395680909525,43.01830426643759,2.822896920303074,53.62208231979483
1351400,626311,2.4366057627879165,31.140494400183627,2.718895454818224,31.704225290845894,2.808039568090952,33.863314602082376,2.8080395680909525,43.01830426643759,2.822896920303074,53.62208231979483,3.1051866123333816,184.41328626234738
1360834,630460,2.4366057627879165,31.140494400183627,2.718895454818224,31.704225290845894,2.733752807030345,38.063109737516264,2.8080395680909525,43.01830426643759,3.1051866123333816,184.41328626234738
1373104,635930,2.4366057627879165,31.140494400183627,2.733752807030345,38.063109737516264,2.822896920303074,53.62208231979483,3.1051866123333816,184.41328626234738
1382131,639748,1.4996308551749329,47.0211843657612,1.6196013235889275,66.05645395712881,1.9966513671757675,79.86330025009443
1392171,644044,1.4053683442782225,47.81756672247145,1.5681854085543583,48.683199718895615,1.5767547277267866,58.44753991856032,1.6196013235889275,66.05645395712881,1.6281706427613556,82.33901061986757
1402804,648871,1.4053683442782225,47.81756672247145,1.5681854085543583,48.683199718895615,1.5767547277267866,58.44753991856032,1.6281706427613556,82.33901061986757,1.790987707037491,283.1745221202405
1419116,657130,1.4053683442782225,47.81756672247145,1.5681854085543583,48.683199718895615,1.5767547277267866,58.44753991856032,1.6196013235889275,66.05645395712881,1.6281706427613556,82.33901061986757,1.790987707037491,283.1745221202405
1428522,661845,1.4053683442782225,47.81756672247145,1.5681854085543583,48.683199718895615,1.5767547277267866,58.44753991856032,1.6196013235889275,66.05645395712881,1.6281706427613556,82.33901061986757
1440021,667827,1.4053683442782225,47.81756672247145,1.5767547277267866,58.44753991856032,1.6196013235889275,66.05645395712881,1.6281706427613556,82.33901061986757,1.790987707037491,283.1745221202405
1458309,677637,1.4139376634506509,41.63694712800284,1.5681854085543583,48.683199718895615,1.5767547277267866,58.44753991856032,1.6196013235889275,66.05645395712881,1.6281706427613556,82.33901061986757
1470580,683526,1.4053683442782225,47.81756672247145,1.5681854085543583,48.683199718895615,1.5767547277267866,58.44753991856032,1.6196013235889275,66.05645395712881,1.6281706427613556,82.33901061986757
1481589,689488,1.4053683442782225,47.81756672247145,1.5681854085543583,48.683199718895615,1.6196013235889275,66.05645395712881,1.6281706427613556,82.33901061986757
1493064,694796,1.4053683442782225,47.81756672247145,1.5767547277267866,58.44753991856032,1.6196013235889275,66.05645395712881,1.790987707037491,283.1745221202405
1502429,698552,1.4053683442782225,47.81756672247145,1.5681854085543583,48.683199718895615,1.5767547277267866,58.44753991856032,1.6196013235889275,66.05645395712881,1.6281706427613556,82.33901061986757
1513739,704259,1.3158098435704897,45.54466171533052,1.468251227886583,46.36914871234954,1.4762744586400616,55.66936203872406,1.5163906124074547,62.91660274252122,1.5244138431609333,78.42520315644893,1.6768552274770265,269.71443133483115
1528025,711976,1.3238330743239684,39.657824556614734,1.4040653818587543,44.78613367807303,1.468251227886583,46.36914871234954,1.4762744586400616,55.66936203872406,1.5163906124074547,62.91660274252122,1.5244138431609333,78.42520315644893,1.6768552274770265,269.71443133483115
1541208,718634,1.3158098435704897,40.638964083067364,1.4040653818587543,44.78613367807303,1.468251227886583,46.36914871234954,1.5163906124074547,62.91660274252122,1.5244138431609333,78.42520315644893
1554296,724550,1.3158098435704897,45.54466171533052,1.468251227886583,46.36914871234954,1.4762744586400616,55.66936203872406,1.5163906124074547,62.91660274252122,1.5244138431609333,78.42520315644893,1.6768552274770265,269.71443133483115
1569111,731468,1.3158098435704897,45.54466171533052,1.468251227886583,46.36914871234954,1.4762744586400616,55.66936203872406,1.5163906124074547,62.91660274252122,1.5244138431609333,78.42520315644893,1.6768552274770265,269.71443133483115
1582506,738430,1.3158098435704897,45.54466171533052,1.468251227886583,46.36914871234954,1.5163906124074547,62.91660274252122,1.5244138431609333,78.42520315644893,1.6768552274770265,269.71443133483115
1596306,745017,1.3158098435704897,45.54466171533052,1.4762744586400616,55.66936203872406,1.5163906124074547,62.91660274252122,1.5244138431609333,78.42520315644893,1.6768552274770265,269.71443133483115
1606862,749290,1.3158098435704897,40.638964083067364,1.4040653818587543,44.78613367807303,1.468251227886583,46.36914871234954,1.4762744586400616,55.66936203872406,1.5163906124074547,62.91660274252122,1.7731339965187698,66.2063058606271
1617889,754345,1.3158098435704897,40.638964083067364,1.4040653818587543,44.78613367807303,1.468251227886583,46.36914871234954,1.4762744586400616,55.66936203872406,1.5244138431609333,78.42520315644893
1629760,759265,1.3158098435704897,40.638964083067364,1.4361583048726687,42.477570086419774,1.468251227886583,46.36914871234954,1.4762744586400616,55.66936203872406,1.5163906124074547,62.91660274252122,1.5244138431609333,78.42520315644893,1.6768552274770265,269.71443133483115
1641595,764192,1.3158098435704897,45.54466171533052,1.468251227886583,46.36914871234954,1.4762744586400616,55.66936203872406,1.5163906124074547,62.91660274252122,1.5244138431609333,78.42520315644893,1.6768552274770265,269.71443133483115
1651449,768637,1.9850966675349087,67.20626880642149,2.0959959227044567,106.18033897759884,2.4508735392470102,111.7321611833467,2.5839526454504678,128.3737134592225
1661604,772616,1.8187477847805866,76.86282171566715,2.0959959227044567,106.18033897759884,2.107085848221412,132.3532150904102,2.3177944330435523,455.1798491644858
1671395,776347,1.8187477847805866,76.86282171566715,2.029456369602728,78.25425585244606,2.0959959227044567,106.18033897759884,2.107085848221412,132.3532150904102,2.3177944330435523,455.1798491644858
1677207,778944,1.8187477847805866,76.86282171566715,2.029456369602728,78.25425585244606,2.040546295119683,93.94963291531221,2.0959959227044567,106.18033897759884,2.107085848221412,132.3532150904102,2.3177944330435523,455.1798491644858
1683923,781755,1.8187477847805866,76.86282171566715,2.029456369602728,78.25425585244606,2.0959959227044567,106.18033897759884,2.107085848221412,132.3532150904102,2.3177944330435523,455.1798491644858
1697228,786951,1.8187477847805866,68.58378860183262,1.9407369654670896,75.58270230983055,2.029456369602728,78.25425585244606,2.040546295119683,93.94963291531221,2.0959959227044567,106.18033897759884,2.107085848221412,132.3532150904102,2.3177944330435523,455.1798491644858
1708794,791605,1.8187477847805866,76.86282171566715,2.029456369602728,78.25425585244606,2.040546295119683,93.94963291531221,2.0959959227044567,106.18033897759884,2.107085848221412,132.3532150904102,2.3177944330435523,455.1798491644858
1719598,796468,1.8187477847805866,68.58378860183262,1.9407369654670896,75.58270230983055,2.040546295119683,93.94963291531221,2.0959959227044567,106.18033897759884,2.107085848221412,132.3532150904102,2.3177944330435523,455.1798491644858
1731685,801640,1.8187477847805866,76.86282171566715,2.029456369602728,78.25425585244606,2.040546295119683,93.94963291531221,2.0959959227044567,106.18033897759884,2.5839526454504678,128.3737134592225
1741917,806219,1.8187477847805866,68.58378860183262,1.9407369654670896,75.58270230983055,2.029456369602728,78.25425585244606,2.040546295119683,93.94963291531221,2.0959959227044567,106.18033897759884,2.107085848221412,132.3532150904102
1751036,809822,1.8187477847805866,76.86282171566715,2.029456369602728,78.25425585244606,2.040546295119683,93.94963291531221,2.0959959227044567,106.18033897759884,2.3177944330435523,455.1798491644858
1771892,818935,0.9502451374295224,78.8258506839709,1.0661286907745862,96.34904848265234,1.095099579110852,108.8921192196564,1.2109831324559157,466.8048612282295
1784624,824964,1.0139810917693075,77.51303781957458,1.0661286907745862,96.34904848265234,1.095099579110852,108.8921192196564,1.1008937567781052,135.73343441454222,1.2109831324559157,466.8048612282295
1794880,828940,0.9502451374295224,70.33537618053812,1.0139810917693075,77.51303781957458,1.0661286907745862,96.34904848265234,1.095099579110852,108.8921192196564,1.1008937567781052,135.73343441454222,1.2109831324559157,466.8048612282295
1807364,834576,0.9502451374295224,78.8258506839709,1.060334513107333,80.25282118874952,1.0661286907745862,96.34904848265234,1.095099579110852,108.8921192196564,1.1008937567781052,135.73343441454222
1813121,837466,0.9502451374295224,78.8258506839709,1.0661286907745862,96.34904848265234,1.095099579110852,108.8921192196564,1.1008937567781052,135.73343441454222,1.2109831324559157,466.8048612282295
1820572,840978,0.9502451374295224,78.8258506839709,1.060334513107333,80.25282118874952,1.0661286907745862,96.34904848265234,1.095099579110852,108.8921192196564,1.1008937567781052,135.73343441454222
1832250,846205,0.9502451374295224,78.8258506839709,1.060334513107333,80.25282118874952,1.0661286907745862,96.34904848265234,1.1008937567781052,135.73343441454222,1.2109831324559157,466.8048612282295
1843834,851576,0.9502451374295224,78.8258506839709,1.060334513107333,80.25282118874952,1.0661286907745862,96.34904848265234,1.095099579110852,108.8921192196564,1.1008937567781052,135.73343441454222
1855824,856813,0.9502451374295224,70.33537618053812,1.0139810917693075,77.51303781957458,1.060334513107333,80.25282118874952,1.0661286907745862,96.34904848265234,1.1008937567781052,135.73343441454222,1.2109831324559157,466.8048612282295
1866599,862007,0.9502451374295224,78.8258506839709,1.060334513107333,80.25282118874952,1.0661286907745862,96.34904848265234,1.095099579110852,108.8921192196564,1.2109831324559157,466.8048612282295
1879793,868190,0.9502451374295224,78.8258506839709,1.060334513107333,80.25282118874952,1.0661286907745862,96.34904848265234,1.1008937567781052,135.73343441454222,1.2109831324559157,466.8048612282295
1890760,873081,1.0237976856691842,47.16171800902567,1.142408393155248,53.81162549863266,1.179864406045584,73.0150274146632,1.4545418339080483,88.27632589800585
1900051,877574,1.0237976856691842,52.854804277106474,1.142408393155248,53.81162549863266,1.148651061970304,64.60456887744803,1.179864406045584,73.0150274146632,1.3047177823467042,313.0049261978609
1913050,884071,1.0237976856691842,52.854804277106474,1.142408393155248,53.81162549863266,1.148651061970304,64.60456887744803,1.179864406045584,73.0150274146632,1.1861070748606402,91.01283459157074,1.3047177823467042,313.0049261978609
1924313,889836,1.0237976856691842,52.854804277106474,1.148651061970304,64.60456887744803,1.179864406045584,73.0150274146632,1.1861070748606402,91.01283459157074,1.3047177823467042,313.0049261978609
1934708,894847,1.0237976856691842,52.854804277106474,1.142408393155248,53.81162549863266,1.148651061970304,64.60456887744803,1.179864406045584,73.0150274146632,1.3047177823467042,313.0049261978609
1945587,900277,1.0237976856691842,52.854804277106474,1.142408393155248,53.81162549863266,1.148651061970304,64.60456887744803,1.179864406045584,73.0150274146632,1.1861070748606402,91.01283459157074,1.3047177823467042,313.0049261978609
1957301,905805,1.0237976856691842,47.16171800902567,1.0924670426348002,51.97452875330238,1.142408393155248,53.81162549863266,1.148651061970304,64.60456887744803,1.179864406045584,73.0150274146632,1.1861070748606402,91.01283459157074
1972941,913192,1.0237976856691842,52.854804277106474,1.142408393155248,53.81162549863266,1.148651061970304,64.60456887744803,1.179864406045584,73.0150274146632,1.1861070748606402,91.01283459157074,1.3047177823467042,313.0049261978609
1985475,919450,1.0237976856691842,52.854804277106474,1.142408393155248,53.81162549863266,1.179864406045584,73.0150274146632,1.1861070748606402,91.01283459157074,1.3047177823467042,313.0049261978609
1996395,924938,1.0237976856691842,52.854804277106474,1.142408393155248,53.81162549863266,1.148651061970304,64.60456887744803,1.179864406045584,73.0150274146632,1.1861070748606402,91.01283459157074,1.3047177823467042,313.0049261978609
2005673,929175,1.0237976856691842,47.16171800902567,1.0924670426348002,51.97452875330238,1.142408393155248,53.81162549863266,1.148651061970304,64.60456887744803,1.179864406045584,73.0150274146632,1.1861070748606402,91.01283459157074,1.3047177823467042,313.0049261978609
2019204,935306,0.9669679541506455,35.89441778156923,1.161441956102731,36.42391618052095,1.1884522341516315,40.21400998354378,1.1938542897614115,55.94568609976725,1.2586789570787733,64.27831879906012
2026419,939098,0.8859371200039434,38.486173102753966,0.9885761765897663,39.18288152242727,1.020988510248447,41.851274769776076,1.0263905658582273,66.2709048793258
2034649,942654,0.8859371200039434,38.486173102753966,0.9885761765897663,39.18288152242727,0.9939782321995464,47.041752496342276,1.020988510248447,53.16581950527072,1.0263905658582273,66.2709048793258,1.12902962244405,227.91422532773177
2049666,949012,0.8859371200039434,38.486173102753966,0.9885761765897663,39.18288152242727,0.9939782321995464,47.041752496342276,1.020988510248447,53.16581950527072,1.0263905658582273,66.2709048793258
2053079,950785,0.8859371200039434,38.486173102753966,0.9939782321995464,47.041752496342276,1.020988510248447,53.16581950527072,1.0263905658582273,66.2709048793258,1.12902962244405,227.91422532773177
2060561,953528,0.8859371200039434,34.34075800569774,0.9453597317115252,37.845201356654506,0.9885761765897663,39.18288152242727,0.9939782321995464,47.041752496342276,1.020988510248447,53.16581950527072,1.0263905658582273,66.2709048793258,1.12902962244405,227.91422532773177
2074188,958657,0.8859371200039434,38.486173102753966,0.9885761765897663,39.18288152242727,0.9939782321995464,47.041752496342276,1.020988510248447,53.16581950527072,1.0263905658582273,66.2709048793258,1.12902962244405,227.91422532773177
2077992,960401,0.8859371200039434,38.486173102753966,0.9885761765897663,39.18288152242727,0.9939782321995464,47.041752496342276,1.020988510248447,53.16581950527072,1.0263905658582273,66.2709048793258
2089060,964703,0.8859371200039434,38.486173102753966,0.9885761765897663,39.18288152242727,0.9939782321995464,47.041752496342276,1.020988510248447,53.16581950527072,1.0263905658582273,66.2709048793258
2101332,969805,0.8859371200039434,38.486173102753966,0.9885761765897663,39.18288152242727,1.020988510248447,53.16581950527072,1.0263905658582273,66.2709048793258,1.12902962244405,227.91422532773177
2110692,972980,0.8859371200039434,38.486173102753966,0.9885761765897663,39.18288152242727,0.9939782321995464,47.041752496342276,1.020988510248447,53.16581950527072,1.0263905658582273,66.2709048793258,1.12902962244405,227.91422532773177
2118912,976683,0.8913391756137237,33.51167498628649,0.9453597317115252,37.845201356654506,0.9885761765897663,39.18288152242727,0.9939782321995464,47.041752496342276,1.020988510248447,53.16581950527072,1.0263905658582273,66.2709048793258
2131551,981431,1.5022220164651465,67.09653711725628,1.5794791487404967,83.4012920868399,1.6223997777823582,94.25877664613083,1.8970918036502706,99.18725939830043,2.0001013133507377,113.96035556771105
2140607,984357,1.4077966325730515,68.23292913028786,1.622399777782358,74.19898719870369,1.6223997777823582,94.25877664613083,1.6309839035907305,117.4930524777875,1.7940822939498033,404.07382524241615
2148187,987410,1.4077966325730515,68.23292913028786,1.5794791487404967,83.4012920868399,1.6223997777823582,94.25877664613083,1.6309839035907305,117.4930524777875,1.7940822939498033,404.07382524241615
2159283,992383,1.4077966325730515,60.88343730687706,1.5708950229321246,69.4681378401048,1.622399777782358,74.19898719870369,1.6309839035907305,117.4930524777875,1.7940822939498033,404.07382524241615
2168998,996036,1.4077966325730515,68.23292913028786,1.5708950229321246,69.4681378401048,1.5794791487404967,83.4012920868399,1.6223997777823582,94.25877664613083,1.6309839035907305,117.4930524777875,1.7940822939498033,404.07382524241615
2176824,999692,1.4163807583814239,59.413538942194904,1.5365585196986355,63.63795272976884,1.5708950229321246,69.4681378401048,1.5794791487404967,83.4012920868399,1.6223997777823582,94.25877664613083,1.6309839035907305,117.4930524777875,1.7940822939498033,404.07382524241615
2186257,1004275,1.4077966325730515,60.88343730687706,1.5022220164651465,67.09653711725628,1.5708950229321246,69.4681378401048,1.5794791487404967,83.4012920868399,1.6223997777823582,94.25877664613083,1.6309839035907305,117.4930524777875,1.7940822939498033,404.07382524241615
2198440,1009627,1.4077966325730515,68.23292913028786,1.5794791487404967,83.4012920868399,1.6223997777823582,94.25877664613083,1.6309839035907305,117.4930524777875,1.7940822939498033,404.07382524241615
2209298,1014149,1.5365585196986355,63.63795272976884,1.5708950229321246,69.4681378401048,1.5794791487404967,83.4012920868399,1.6223997777823582,94.25877664613083,1.6309839035907305,117.4930524777875,1.7940822939498033,404.07382524241615
2222083,1019231,1.4077966325730515,68.23292913028786,1.5708950229321246,69.4681378401048,1.5794791487404967,83.4012920868399,1.6223997777823582,94.25877664613083,1.6309839035907305,117.4930524777875,1.7940822939498033,404.07382524241615
2236606,1025826,1.4077966325730515,68.23292913028786,1.5708950229321246,69.4681378401048,1.5794791487404967,83.4012920868399,1.6223997777823582,94.25877664613083,1.6309839035907305,117.4930524777875,1.7940822939498033,404.07382524241615
2248925,1030669,2.411281019728946,57.545057474803066,2.9993983416140546,60.10183726522341,3.1611306051324597,61.03582075030846,3.2493482034152255,93.74859231541258,3.4257833999807583,107.71164541743417
2267781,1038567,2.411281019728946,57.545057474803066,2.573013283247351,63.41747863727536,2.690636747624372,65.6590390014795,2.7053396806715,78.8282061411788,2.778854345907139,89.09034968355085,2.7935572789542666,111.05063637661326,3.072913006849693,381.9175218448433
2277568,1043044,2.411281019728946,57.545057474803066,2.573013283247351,63.41747863727536,2.690636747624372,65.6590390014795,2.7053396806715,78.8282061411788,2.778854345907139,89.09034968355085,2.7935572789542666,111.05063637661326,3.072913006849693,381.9175218448433
2287670,1047466,2.411281019728946,57.545057474803066,2.573013283247351,63.41747863727536,2.7053396806715,78.8282061411788,2.778854345907139,89.09034968355085,2.7935572789542666,111.05063637661326,3.072913006849693,381.9175218448433
2296496,1051299,2.411281019728946,64.49155964512317,2.690636747624372,65.6590390014795,2.7053396806715,78.8282061411788,2.778854345907139,89.09034968355085,3.2493482034152255,93.74859231541258
2310060,1057344,2.411281019728946,64.49155964512317,2.7053396806715,78.8282061411788,2.778854345907139,89.09034968355085,2.7935572789542666,111.05063637661326
2316647,1060399,2.411281019728946,64.49155964512317,2.690636747624372,65.6590390014795,2.7788543459071384,70.13048493632421,2.778854345907139,89.09034968355085,2.7935572789542666,111.05063637661326
2326556,1064449,2.411281019728946,64.49155964512317,2.7053396806715,78.8282061411788,2.778854345907139,89.09034968355085,2.7935572789542666,111.05063637661326
2337325,1068662,2.411281019728946,64.49155964512317,2.690636747624372,65.6590390014795,2.7788543459071384,70.13048493632421,2.778854345907139,89.09034968355085,3.2493482034152255,93.74859231541258,3.4257833999807583,107.71164541743417
2353608,1075789,2.4259839527760736,56.15575704073905,2.6318250154358616,60.14853643947767,2.690636747624372,65.6590390014795,2.7053396806715,78.8282061411788,2.778854345907139,89.09034968355085,2.7935572789542666,111.05063637661326,3.072913006849693,381.9175218448433
2363025,1079814,2.411281019728946,64.49155964512317,2.690636747624372,65.6590390014795,2.7053396806715,78.8282061411788,2.778854345907139,89.09034968355085,3.2493482034152255,93.74859231541258
2375785,1085445,2.1106440739793255,48.54668156944638,2.3036907880628004,50.743052027954505,2.3680396927572924,66.50176383787826,2.6897842162297505,322.19671214877246
2386327,1090239,2.1106440739793255,54.406952523761774,2.4323885974517836,75.15920613845512,2.4452583783906823,93.68554170999674,2.6897842162297505,322.19671214877246
2400529,1096778,2.1106440739793255,54.406952523761774,2.3680396927572924,66.50176383787826,2.4323885974517836,75.15920613845512,2.4452583783906823,93.68554170999674,2.6897842162297505,322.19671214877246
2411896,1102037,2.1106440739793255,54.406952523761774,2.3680396927572924,66.50176383787826,2.4323885974517836,75.15920613845512,2.4452583783906823,93.68554170999674,2.6897842162297505,322.19671214877246
2423902,1107687,2.1106440739793255,54.406952523761774,2.3680396927572924,66.50176383787826,2.4452583783906823,93.68554170999674,2.6897842162297505,322.19671214877246
2432963,1111985,2.1106440739793255,54.406952523761774,2.355169911818394,55.391872011882015,2.3680396927572924,66.50176383787826,2.4323885974517836,75.15920613845512,2.4452583783906823,93.68554170999674
2446053,1117228,2.1106440739793255,54.406952523761774,2.3680396927572924,66.50176383787826,2.4323885974517836,75.15920613845512,2.6897842162297505,322.19671214877246
2457796,1122483,2.1106440739793255,54.406952523761774,2.355169911818394,55.391872011882015,2.4323885974517836,75.15920613845512,2.4452583783906823,93.68554170999674,2.6897842162297505,322.19671214877246
2466197,1126400,2.1106440739793255,54.406952523761774,2.355169911818394,55.391872011882015,2.3680396927572924,66.50176383787826,2.4323885974517836,75.15920613845512,2.4452583783906823,93.68554170999674,2.6897842162297505,322.19671214877246
2475149,1130405,2.1106440739793255,54.406952523761774,2.3680396927572924,66.50176383787826,2.4323885974517836,75.15920613845512,2.4452583783906823,93.68554170999674,2.6897842162297505,322.19671214877246
2486446,1135518,2.1106440739793255,54.406952523761774,2.355169911818394,55.391872011882015,2.3680396927572924,66.50176383787826,2.4323885974517836,75.15920613845512,2.4452583783906823,93.68554170999674,2.6897842162297505,322.19671214877246
2496647,1139840,2.36679469676674,50.88768872526104,2.7253999538526097,51.871587904356524,3.084005210938479,55.30994525065793,3.227447313772827,58.76946171909045,3.2417915240562616,66.92630330062397,3.256135734339696,68.0688958957026,3.299168365190001,75.49574776371367,3.3422009960403054,97.6070303906982
2507679,1144753,2.36679469676674,50.88768872526104,2.5102367996010875,57.46817570802868,2.7110557435691747,63.55142332071581,2.7253999538526092,100.63278485544345
2518279,1149314,2.352450486483305,52.146656492060636,2.624990481868566,59.4994514326129,2.639334692152001,71.43319631454523,2.7253999538526092,100.63278485544345,2.99793994923787,346.0891811371028
2530732,1154399,2.352450486483305,58.44149532605863,2.624990481868566,59.4994514326129,2.639334692152001,71.43319631454523,2.7110557435691742,80.73263049115738,2.7253999538526092,100.63278485544345
2541888,1159145,2.352450486483305,58.44149532605863,2.624990481868566,59.4994514326129,2.639334692152001,71.43319631454523,2.7253999538526092,100.63278485544345,2.99793994923787,346.0891811371028
2549407,1162478,2.352450486483305,58.44149532605863,2.624990481868566,59.4994514326129,2.639334692152001,71.43319631454523,2.7110557435691742,80.73263049115738,2.7253999538526092,100.63278485544345,2.99793994923787,346.0891811371028
2559788,1166497,2.352450486483305,58.44149532605863,2.624990481868566,59.4994514326129,2.639334692152001,71.43319631454523,2.7110557435691742,80.73263049115738,2.7253999538526092,100.63278485544345,2.99793994923787,346.0891811371028
2570747,1171021,2.36679469676674,50.88768872526104,2.5102367996010875,57.46817570802868,2.624990481868566,59.4994514326129,2.639334692152001,71.43319631454523,2.7110557435691742,80.73263049115738,2.7253999538526092,100.63278485544345,2.99793994923787,346.0891811371028
2587523,1177812,2.352450486483305,52.146656492060636,2.5102367996010875,57.46817570802868,2.624990481868566,59.4994514326129,2.7110557435691742,80.73263049115738,2.7253999538526092,100.63278485544345
2596425,1181715,2.352450486483305,52.146656492060636,2.5676136407348267,54.505898609676684,2.624990481868566,59.4994514326129,2.639334692152001,71.43319631454523,2.7110557435691742,80.73263049115738,2.7253999538526092,100.63278485544345
2607344,1185765,2.352450486483305,58.44149532605863,2.639334692152001,71.43319631454523,3.084005210938479,76.7864542137099,3.170070472639088,84.95387535630897,3.3422009960403054,97.6070303906982
2617348,1189703,2.352450486483305,58.44149532605863,2.7110557435691742,80.73263049115738,2.7253999538526092,100.63278485544345
2634386,1196277,1.796154678043481,74.04165400363308,2.0042457687924204,75.38201703773217,2.0699587448184014,102.28310313210065,2.0809109074893986,127.49533180350431,2.2890019982383385,438.4729593448314
2644183,1200341,1.796154678043481,74.04165400363308,2.0042457687924204,75.38201703773217,2.015197931463417,90.50131206236978,2.0699587448184014,102.28310313210065,2.0809109074893986,127.49533180350431
2658287,1205951,1.796154678043481,74.04165400363308,2.0042457687924204,75.38201703773217,2.015197931463417,90.50131206236978,2.0699587448184014,102.28310313210065,2.0809109074893986,127.49533180350431,2.2890019982383385,438.4729593448314
2670301,1210739,1.796154678043481,74.04165400363308,2.0042457687924204,75.38201703773217,2.015197931463417,90.50131206236978,2.0699587448184014,102.28310313210065,2.4204279502903003,107.63115163815598,2.5518539023422626,123.66189352598096
2683130,1215546,1.796154678043481,74.04165400363308,2.0042457687924204,75.38201703773217,2.015197931463417,90.50131206236978,2.0809109074893986,127.49533180350431,2.2890019982383385,438.4729593448314
2690942,1218782,1.796154678043481,74.04165400363308,2.0042457687924204,75.38201703773217,2.015197931463417,90.50131206236978,2.0809109074893986,127.49533180350431
2698940,1222189,1.796154678043481,74.04165400363308,2.0042457687924204,75.38201703773217,2.015197931463417,90.50131206236978,2.0699587448184014,102.28310313210065,2.0809109074893986,127.49533180350431
2710288,1226975,1.796154678043481,74.04165400363308,2.015197931463417,90.50131206236978,2.0699587448184014,102.28310313210065,2.2890019982383385,438.4729593448314
2721790,1231448,1.796154678043481,74.04165400363308,2.015197931463417,90.50131206236978,2.0699587448184014,102.28310313210065,2.2890019982383385,438.4729593448314
2733355,1236320,1.796154678043481,74.04165400363308,2.0042457687924204,75.38201703773217,2.015197931463417,90.50131206236978,2.0699587448184014,102.28310313210065,2.2890019982383385,438.4729593448314
2746435,1241597,1.796154678043481,74.04165400363308,2.015197931463417,90.50131206236978,2.0699587448184014,102.28310313210065,2.0809109074893986,127.49533180350431,2.2890019982383385,438.4729593448314
2757518,1246034,2.2268399112686397,33.91937852016593,2.2629508287486715,34.663120433134345,2.28702477373536,38.79326169451214,2.539801196095584,39.046450430841816,2.64813394853568,45.668918315464836,2.6601709210290236,63.534548522727405,2.8046145909491518,72.99747754304894
2769279,1250859,1.9740634889084157,38.99897754278,2.1546180763085756,40.76338654907741,2.2027659662819516,44.49792040994009,2.2749878012420157,60.377601466616795,2.28702477373536,75.2603518739954,2.5157272511088955,258.8300978610189
2782355,1256290,1.9740634889084157,43.706705608909864,2.2749878012420157,47.528273097885865,2.28702477373536,75.2603518739954,2.5157272511088955,258.8300978610189
2794915,1262393,1.9740634889084157,43.706705608909864,2.214802938775296,53.42282336556107,2.28702477373536,75.2603518739954,2.5157272511088955,258.8300978610189
2804906,1266584,1.9740634889084157,43.706705608909864,2.214802938775296,53.42282336556107,2.2749878012420157,60.377601466616795,2.28702477373536,75.2603518739954,2.5157272511088955,258.8300978610189
2825094,1275049,1.9740634889084157,38.99897754278,2.1064701863351996,42.97878799196205,2.2027659662819516,44.49792040994009,2.214802938775296,53.42282336556107,2.2749878012420157,60.377601466616795,2.28702477373536,75.2603518739954,2.5157272511088955,258.8300978610189
2835999,1279579,1.9740634889084157,43.706705608909864,2.2027659662819516,44.49792040994009,2.214802938775296,53.42282336556107,2.2749878012420157,60.377601466616795,2.28702477373536,75.2603518739954
2852791,1286401,1.9740634889084157,43.706705608909864,2.2027659662819516,44.49792040994009,2.214802938775296,53.42282336556107,2.5157272511088955,258.8300978610189
2866075,1292894,1.9740634889084157,43.706705608909864,2.2027659662819516,44.49792040994009,2.214802938775296,53.42282336556107,2.2749878012420157,60.377601466616795,2.28702477373536,75.2603518739954,2.5157272511088955,258.8300978610189
2875299,1297314,1.9740634889084157,38.99897754278,2.1064701863351996,42.97878799196205,2.2027659662819516,44.49792040994009,2.214802938775296,53.42282336556107,2.5879490860689596,57.426370258774035,2.6601709210290236,63.534548522727405,2.8046145909491518,72.99747754304894
2886650,1302745,1.8165820495711378,60.77826349387787,2.027039726045843,61.878521703397745,2.0935000449325916,83.96070396846162,2.10457676474705,104.65656088953047,2.315034441221755,359.92746808023657
2902291,1309570,1.8165820495711378,54.231727147234615,1.9384259675301776,59.76602594111958,2.027039726045843,61.878521703397745,2.038116445860301,74.28943430678193,2.0935000449325916,83.96070396846162,2.10457676474705,104.65656088953047,2.315034441221755,359.92746808023657
2910741,1313697,1.8165820495711378,60.77826349387787,2.027039726045843,61.878521703397745,2.0935000449325916,83.96070396846162
2919588,1317701,1.8165820495711378,60.77826349387787,2.027039726045843,61.878521703397745,2.038116445860301,74.28943430678193,2.0935000449325916,83.96070396846162,2.315034441221755,359.92746808023657
2930737,1323464,1.8165820495711378,60.77826349387787,2.027039726045843,61.878521703397745,2.038116445860301,74.28943430678193,2.10457676474705,104.65656088953047,2.315034441221755,359.92746808023657
2940998,1328281,1.9827328467880103,56.685302954463936,2.027039726045843,61.878521703397745,2.038116445860301,74.28943430678193,2.0935000449325916,83.96070396846162,2.10457676474705,104.65656088953047,2.315034441221755,359.92746808023657
2949552,1332390,1.8165820495711378,54.231727147234615,1.9384259675301776,59.76602594111958,2.0935000449325916,83.96070396846162,2.10457676474705,104.65656088953047,2.315034441221755,359.92746808023657
2955948,1334926,1.8165820495711378,60.77826349387787,2.027039726045843,61.878521703397745,2.0935000449325916,83.96070396846162,2.10457676474705,104.65656088953047,2.315034441221755,359.92746808023657
